{"templates":["e2f0432f974865eef5249e27d7597c0307f82a00"],"oligo":{"based_on":"prediction","res_to_mdl":79,"state":"monomer","state_bu":"monomer","qs_prediction":"0.000","qs_conserved":"not conserved","chains_to_mdl":1,"state_tpl":"monomer"},"gdt_ha":null,"pred_lddt":0.0209999997,"gdt_ts":null,"chain_subprj_list":null,"creation_date":"2018-07-09","ligands":[{"description":"MANGANESE (II) ION","number":"1","reason":{"sterically_valid":false,"conserved_residues":false,"relevant":true,"bound":true},"included":false,"model_binding_residues":[],"name":["MN"]},{"description":"URIDINE-5'-DIPHOSPHATE","number":"2","reason":{"sterically_valid":false,"conserved_residues":false,"relevant":true,"bound":true},"included":false,"model_binding_residues":[],"name":["UDP"]}],"modified_template":false,"residue_range":[{"chain_name":"A","residue_from":"755","residue_to":"863"}],"lddt_ca":null,"mod_engine":"PROMOD3","lddt":null}