{"templates":["870eb1c1daa7bf831703e2575e37d8415848a453"],"oligo":{"based_on":"prediction","res_to_mdl":192,"state":"monomer","state_bu":"homo-tetramer","qs_prediction":"0.000","qs_conserved":"not conserved","chains_to_mdl":1,"state_tpl":"homo-tetramer"},"gdt_ha":null,"pred_lddt":0.0399999991,"gdt_ts":null,"chain_subprj_list":null,"creation_date":"2018-07-18","ligands":[],"modified_template":false,"residue_range":[{"chain_name":"A","residue_from":"992","residue_to":"1202"}],"lddt_ca":null,"mod_engine":"PROMOD3","lddt":null}