{"templates":["201f51c39c49e529052df3cdc0e4c4305af74ac9"],"oligo":{"based_on":"prediction","res_to_mdl":75,"state":"monomer","state_bu":"monomer","qs_prediction":"0.000","qs_conserved":"not conserved","chains_to_mdl":1,"state_tpl":"monomer"},"gdt_ha":null,"pred_lddt":0.0209999997,"gdt_ts":null,"chain_subprj_list":null,"creation_date":"2018-07-18","ligands":[],"modified_template":false,"residue_range":[{"chain_name":"A","residue_from":"435","residue_to":"510"}],"lddt_ca":null,"mod_engine":"PROMOD3","lddt":null}