{"templates":["5a2d2a8265c5ddb5b7e4ba9e0bb680ca14b110c4"],"oligo":{"based_on":"prediction","res_to_mdl":126,"state":"monomer","state_bu":"monomer","qs_prediction":"0.000","qs_conserved":"not conserved","chains_to_mdl":1,"state_tpl":"monomer"},"gdt_ha":null,"pred_lddt":0.0340000018,"gdt_ts":null,"chain_subprj_list":null,"creation_date":"2018-07-18","ligands":[{"description":"CITRATE ANION","number":"1","reason":{"sterically_valid":false,"conserved_residues":false,"relevant":true,"bound":true},"included":false,"model_binding_residues":[],"name":["FLC"]},{"description":"GLYCEROL","number":"2","reason":{"sterically_valid":false,"conserved_residues":false,"relevant":false,"bound":true},"included":false,"model_binding_residues":[],"name":["GOL"]},{"description":"PHOSPHATE ION","number":"3","reason":{"sterically_valid":false,"conserved_residues":false,"relevant":false,"bound":false},"included":false,"model_binding_residues":[],"name":["PO4"]}],"modified_template":false,"residue_range":[{"chain_name":"A","residue_from":"495","residue_to":"571"}],"lddt_ca":null,"mod_engine":"PROMOD3","lddt":null}