{"templates":["7091bc5aec21b672ba6b224dd4dcbf591e1d2942"],"oligo":{"based_on":"prediction","res_to_mdl":490,"state":"monomer","state_bu":"hetero-oligomer","qs_prediction":"0.000","qs_conserved":"not conserved","chains_to_mdl":1,"state_tpl":"monomer"},"gdt_ha":null,"pred_lddt":0.273999989,"gdt_ts":null,"chain_subprj_list":null,"creation_date":"2018-07-18","ligands":[{"description":"unidentified peptide","number":"1","reason":{"sterically_valid":false,"conserved_residues":false,"relevant":true,"bound":true},"included":false,"model_binding_residues":[],"name":["UNK","UNK","UNK","UNK","UNK","UNK","UNK","UNK","UNK"]},{"description":"BETA-D-GLUCOSE","number":"2","reason":{"sterically_valid":false,"conserved_residues":false,"relevant":false,"bound":false},"included":false,"model_binding_residues":[],"name":["BGC"]},{"description":"BETA-D-GLUCOSE","number":"3","reason":{"sterically_valid":false,"conserved_residues":false,"relevant":false,"bound":false},"included":false,"model_binding_residues":[],"name":["BGC"]},{"description":"BETA-D-GLUCOSE","number":"4","reason":{"sterically_valid":false,"conserved_residues":false,"relevant":false,"bound":false},"included":false,"model_binding_residues":[],"name":["BGC"]},{"description":"BETA-D-GLUCOSE","number":"5","reason":{"sterically_valid":false,"conserved_residues":false,"relevant":true,"bound":true},"included":false,"model_binding_residues":[],"name":["BGC"]},{"description":"BETA-D-GLUCOSE","number":"6","reason":{"sterically_valid":false,"conserved_residues":false,"relevant":true,"bound":true},"included":false,"model_binding_residues":[],"name":["BGC"]},{"description":"BETA-D-GLUCOSE","number":"7","reason":{"sterically_valid":false,"conserved_residues":false,"relevant":true,"bound":true},"included":false,"model_binding_residues":[],"name":["BGC"]},{"description":"BETA-D-GLUCOSE","number":"8","reason":{"sterically_valid":false,"conserved_residues":false,"relevant":true,"bound":true},"included":false,"model_binding_residues":[],"name":["BGC"]},{"description":"BETA-D-GLUCOSE","number":"9","reason":{"sterically_valid":false,"conserved_residues":false,"relevant":true,"bound":true},"included":false,"model_binding_residues":[],"name":["BGC"]},{"description":"BETA-D-GLUCOSE","number":"10","reason":{"sterically_valid":false,"conserved_residues":false,"relevant":true,"bound":true},"included":false,"model_binding_residues":[],"name":["BGC"]},{"description":"BETA-D-GLUCOSE","number":"11","reason":{"sterically_valid":false,"conserved_residues":false,"relevant":true,"bound":true},"included":false,"model_binding_residues":[],"name":["BGC"]},{"description":"BETA-D-GLUCOSE","number":"12","reason":{"sterically_valid":false,"conserved_residues":false,"relevant":true,"bound":true},"included":false,"model_binding_residues":[],"name":["BGC"]},{"description":"BETA-D-GLUCOSE","number":"13","reason":{"sterically_valid":false,"conserved_residues":false,"relevant":true,"bound":true},"included":false,"model_binding_residues":[],"name":["BGC"]},{"description":"BETA-D-GLUCOSE","number":"14","reason":{"sterically_valid":false,"conserved_residues":false,"relevant":true,"bound":true},"included":false,"model_binding_residues":[],"name":["BGC"]},{"description":"BETA-D-GLUCOSE","number":"15","reason":{"sterically_valid":false,"conserved_residues":false,"relevant":true,"bound":true},"included":false,"model_binding_residues":[],"name":["BGC"]},{"description":"BETA-D-GLUCOSE","number":"16","reason":{"sterically_valid":false,"conserved_residues":false,"relevant":true,"bound":true},"included":false,"model_binding_residues":[],"name":["BGC"]},{"description":"BETA-D-GLUCOSE","number":"17","reason":{"sterically_valid":false,"conserved_residues":false,"relevant":true,"bound":true},"included":false,"model_binding_residues":[],"name":["BGC"]},{"description":"BETA-D-GLUCOSE","number":"18","reason":{"sterically_valid":false,"conserved_residues":false,"relevant":true,"bound":true},"included":false,"model_binding_residues":[],"name":["BGC"]},{"description":"9,9'-[(2R,3R,3aS,5S,7aR,9R,10R,10aS,12S,14aR)-3,5,10,12-tetrahydroxy-5,12-dioxidooctahydro-2H,7H-difuro[3,2-d:3',2'-j][1,3,7,9,2,8]tetraoxadiphosphacyclododecine-2,9-diyl]bis(2-amino-1,9-dihydro-6H-purin-6-one)","number":"19","reason":{"sterically_valid":false,"conserved_residues":false,"relevant":true,"bound":true},"included":false,"model_binding_residues":[],"name":["C2E"]},{"description":"9,9'-[(2R,3R,3aS,5S,7aR,9R,10R,10aS,12S,14aR)-3,5,10,12-tetrahydroxy-5,12-dioxidooctahydro-2H,7H-difuro[3,2-d:3',2'-j][1,3,7,9,2,8]tetraoxadiphosphacyclododecine-2,9-diyl]bis(2-amino-1,9-dihydro-6H-purin-6-one)","number":"20","reason":{"sterically_valid":false,"conserved_residues":false,"relevant":true,"bound":true},"included":false,"model_binding_residues":[],"name":["C2E"]},{"description":"DIUNDECYL PHOSPHATIDYL CHOLINE","number":"21","reason":{"sterically_valid":false,"conserved_residues":false,"relevant":true,"bound":true},"included":false,"model_binding_residues":[],"name":["PLC"]},{"description":"DIUNDECYL PHOSPHATIDYL CHOLINE","number":"24","reason":{"sterically_valid":false,"conserved_residues":false,"relevant":true,"bound":true},"included":false,"model_binding_residues":[],"name":["PLC"]},{"description":"DIUNDECYL PHOSPHATIDYL CHOLINE","number":"25","reason":{"sterically_valid":false,"conserved_residues":false,"relevant":true,"bound":true},"included":false,"model_binding_residues":[],"name":["PLC"]},{"description":"DIUNDECYL PHOSPHATIDYL CHOLINE","number":"26","reason":{"sterically_valid":false,"conserved_residues":false,"relevant":true,"bound":true},"included":false,"model_binding_residues":[],"name":["PLC"]},{"description":"1,2-DIACYL-SN-GLYCERO-3-PHOSPHOETHANOLAMINE","number":"22","reason":{"sterically_valid":false,"conserved_residues":false,"relevant":true,"bound":true},"included":false,"model_binding_residues":[],"name":["3PE"]},{"description":"MAGNESIUM ION","number":"23","reason":{"sterically_valid":false,"conserved_residues":false,"relevant":true,"bound":true},"included":false,"model_binding_residues":[],"name":["MG"]}],"modified_template":false,"residue_range":[{"chain_name":"A","residue_from":"215","residue_to":"1000"}],"lddt_ca":null,"mod_engine":"PROMOD3","lddt":null}