{"templates":["a690626b243b3ccbc476adb5d4c2737773772119"],"oligo":{"based_on":"prediction","res_to_mdl":76,"state":"monomer","state_bu":"monomer","qs_prediction":"0.000","qs_conserved":"not conserved","chains_to_mdl":1,"state_tpl":"monomer"},"gdt_ha":null,"pred_lddt":0.0209999997,"gdt_ts":null,"chain_subprj_list":null,"creation_date":"2018-07-09","ligands":[],"modified_template":false,"residue_range":[{"chain_name":"A","residue_from":"298","residue_to":"374"}],"lddt_ca":null,"mod_engine":"PROMOD3","lddt":null}