{"templates":["b8856896721bd2247ccbeedded875f160e0fc357"],"oligo":{"based_on":"prediction","res_to_mdl":66,"state":"monomer","state_bu":"monomer","qs_prediction":"0.000","qs_conserved":"not conserved","chains_to_mdl":1,"state_tpl":"monomer"},"gdt_ha":null,"pred_lddt":0.0260000005,"gdt_ts":null,"chain_subprj_list":null,"creation_date":"2018-07-09","ligands":[{"description":"ZINC ION","number":"1","reason":{"sterically_valid":false,"conserved_residues":false,"relevant":true,"bound":true},"included":false,"model_binding_residues":[],"name":["ZN"]},{"description":"ZINC ION","number":"2","reason":{"sterically_valid":false,"conserved_residues":false,"relevant":true,"bound":true},"included":false,"model_binding_residues":[],"name":["ZN"]}],"modified_template":false,"residue_range":[{"chain_name":"A","residue_from":"172","residue_to":"237"}],"lddt_ca":null,"mod_engine":"PROMOD3","lddt":null}