{"templates":["51d01037ebded1f9f446f621830c67f4caaa478a"],"oligo":{"based_on":"prediction","res_to_mdl":76,"state":"monomer","state_bu":"monomer","qs_prediction":"0.000","qs_conserved":"not conserved","chains_to_mdl":1,"state_tpl":"monomer"},"gdt_ha":null,"pred_lddt":0.0209999997,"gdt_ts":null,"chain_subprj_list":null,"creation_date":"2018-07-18","ligands":[],"modified_template":false,"residue_range":[{"chain_name":"A","residue_from":"330","residue_to":"406"}],"lddt_ca":null,"mod_engine":"PROMOD3","lddt":null}