{"templates":["7c43a5c1b27d077551fa2241e8a4b3d34968b8c7"],"oligo":{"based_on":"prediction","res_to_mdl":69,"state":"monomer","state_bu":"monomer","qs_prediction":"0.000","qs_conserved":"not conserved","chains_to_mdl":1,"state_tpl":"monomer"},"gdt_ha":null,"pred_lddt":0.0280000009,"gdt_ts":null,"chain_subprj_list":null,"creation_date":"2018-07-09","ligands":[{"description":"ZINC ION","number":"1","reason":{"sterically_valid":true,"conserved_residues":true,"relevant":true,"bound":true},"included":true,"model_binding_residues":["A.86","A.89","A.113","A.116","_.1"],"name":["ZN"]},{"description":"ZINC ION","number":"2","reason":{"sterically_valid":true,"conserved_residues":true,"relevant":true,"bound":true},"included":true,"model_binding_residues":["A.105","A.108","A.110","A.128","A.131","_.2"],"name":["ZN"]}],"modified_template":false,"residue_range":[{"chain_name":"A","residue_from":"75","residue_to":"143"}],"lddt_ca":null,"mod_engine":"PROMOD3","lddt":null}