{"templates":["d5241fa222f776c0f63ee5428f1a80a07b67a82d"],"oligo":{"based_on":"prediction","res_to_mdl":59,"state":"monomer","state_bu":"hetero-1-1-1-mer","qs_prediction":"0.000","qs_conserved":"not conserved","chains_to_mdl":1,"state_tpl":"monomer"},"gdt_ha":null,"pred_lddt":0.0189999994,"gdt_ts":null,"chain_subprj_list":null,"creation_date":"2018-07-09","ligands":[{"description":"ZINC ION","number":"1","reason":{"sterically_valid":false,"conserved_residues":false,"relevant":true,"bound":true},"included":false,"model_binding_residues":[],"name":["ZN"]},{"description":"ZINC ION","number":"2","reason":{"sterically_valid":false,"conserved_residues":false,"relevant":true,"bound":true},"included":false,"model_binding_residues":[],"name":["ZN"]},{"description":"ZINC ION","number":"3","reason":{"sterically_valid":false,"conserved_residues":false,"relevant":true,"bound":true},"included":false,"model_binding_residues":[],"name":["ZN"]},{"description":"ZINC ION","number":"4","reason":{"sterically_valid":false,"conserved_residues":false,"relevant":true,"bound":true},"included":false,"model_binding_residues":[],"name":["ZN"]},{"description":"ZINC ION","number":"5","reason":{"sterically_valid":false,"conserved_residues":false,"relevant":true,"bound":true},"included":false,"model_binding_residues":[],"name":["ZN"]},{"description":"ZINC ION","number":"6","reason":{"sterically_valid":false,"conserved_residues":false,"relevant":true,"bound":true},"included":false,"model_binding_residues":[],"name":["ZN"]}],"modified_template":false,"residue_range":[{"chain_name":"A","residue_from":"181","residue_to":"240"}],"lddt_ca":null,"mod_engine":"PROMOD3","lddt":null}