{"templates":["bf1dd2bf8256fda19b662d3ad642f6f435e42b70"],"oligo":{"based_on":"prediction","res_to_mdl":244,"state":"monomer","state_bu":"homo-16-mer","qs_prediction":"0.000","qs_conserved":"not conserved","chains_to_mdl":1,"state_tpl":"monomer"},"gdt_ha":null,"pred_lddt":0.0270000007,"gdt_ts":null,"chain_subprj_list":null,"creation_date":"2018-07-18","ligands":[{"description":"2'-DEOXYADENOSINE 5'-TRIPHOSPHATE","number":"1","reason":{"sterically_valid":false,"conserved_residues":false,"relevant":true,"bound":true},"included":false,"model_binding_residues":[],"name":["DTP"]},{"description":"2'-DEOXYADENOSINE 5'-TRIPHOSPHATE","number":"2","reason":{"sterically_valid":false,"conserved_residues":false,"relevant":true,"bound":true},"included":false,"model_binding_residues":[],"name":["DTP"]},{"description":"2'-DEOXYADENOSINE 5'-TRIPHOSPHATE","number":"3","reason":{"sterically_valid":false,"conserved_residues":false,"relevant":true,"bound":true},"included":false,"model_binding_residues":[],"name":["DTP"]},{"description":"2'-DEOXYADENOSINE 5'-TRIPHOSPHATE","number":"4","reason":{"sterically_valid":false,"conserved_residues":false,"relevant":true,"bound":true},"included":false,"model_binding_residues":[],"name":["DTP"]},{"description":"2'-DEOXYADENOSINE 5'-TRIPHOSPHATE","number":"5","reason":{"sterically_valid":false,"conserved_residues":false,"relevant":true,"bound":true},"included":false,"model_binding_residues":[],"name":["DTP"]},{"description":"2'-DEOXYADENOSINE 5'-TRIPHOSPHATE","number":"6","reason":{"sterically_valid":false,"conserved_residues":false,"relevant":true,"bound":true},"included":false,"model_binding_residues":[],"name":["DTP"]},{"description":"2'-DEOXYADENOSINE 5'-TRIPHOSPHATE","number":"7","reason":{"sterically_valid":false,"conserved_residues":false,"relevant":true,"bound":true},"included":false,"model_binding_residues":[],"name":["DTP"]},{"description":"2'-DEOXYADENOSINE 5'-TRIPHOSPHATE","number":"8","reason":{"sterically_valid":false,"conserved_residues":false,"relevant":true,"bound":true},"included":false,"model_binding_residues":[],"name":["DTP"]},{"description":"2'-DEOXYADENOSINE 5'-TRIPHOSPHATE","number":"9","reason":{"sterically_valid":false,"conserved_residues":false,"relevant":true,"bound":true},"included":false,"model_binding_residues":[],"name":["DTP"]},{"description":"2'-DEOXYADENOSINE 5'-TRIPHOSPHATE","number":"10","reason":{"sterically_valid":false,"conserved_residues":false,"relevant":true,"bound":true},"included":false,"model_binding_residues":[],"name":["DTP"]},{"description":"2'-DEOXYADENOSINE 5'-TRIPHOSPHATE","number":"11","reason":{"sterically_valid":false,"conserved_residues":false,"relevant":true,"bound":true},"included":false,"model_binding_residues":[],"name":["DTP"]},{"description":"2'-DEOXYADENOSINE 5'-TRIPHOSPHATE","number":"12","reason":{"sterically_valid":false,"conserved_residues":false,"relevant":true,"bound":true},"included":false,"model_binding_residues":[],"name":["DTP"]},{"description":"2'-DEOXYADENOSINE 5'-TRIPHOSPHATE","number":"13","reason":{"sterically_valid":false,"conserved_residues":false,"relevant":true,"bound":true},"included":false,"model_binding_residues":[],"name":["DTP"]},{"description":"2'-DEOXYADENOSINE 5'-TRIPHOSPHATE","number":"14","reason":{"sterically_valid":false,"conserved_residues":false,"relevant":true,"bound":true},"included":false,"model_binding_residues":[],"name":["DTP"]},{"description":"2'-DEOXYADENOSINE 5'-TRIPHOSPHATE","number":"15","reason":{"sterically_valid":false,"conserved_residues":false,"relevant":true,"bound":true},"included":false,"model_binding_residues":[],"name":["DTP"]}],"modified_template":false,"residue_range":[{"chain_name":"P","residue_from":"682","residue_to":"1011"}],"lddt_ca":null,"mod_engine":"PROMOD3","lddt":null}