{"templates":["20c496c44606ec2053e20ee2c9559e270f5d1b93"],"oligo":{"based_on":"prediction","res_to_mdl":126,"state":"monomer","state_bu":"monomer","qs_prediction":"0.000","qs_conserved":"not conserved","chains_to_mdl":1,"state_tpl":"monomer"},"gdt_ha":null,"pred_lddt":0.0299999993,"gdt_ts":null,"chain_subprj_list":null,"creation_date":"2018-07-18","ligands":[{"description":"CITRATE ANION","number":"1","reason":{"sterically_valid":false,"conserved_residues":true,"relevant":true,"bound":false},"included":false,"model_binding_residues":[],"name":["FLC"]},{"description":"GLYCEROL","number":"2","reason":{"sterically_valid":false,"conserved_residues":false,"relevant":false,"bound":true},"included":false,"model_binding_residues":[],"name":["GOL"]},{"description":"PHOSPHATE ION","number":"3","reason":{"sterically_valid":false,"conserved_residues":false,"relevant":false,"bound":false},"included":false,"model_binding_residues":[],"name":["PO4"]}],"modified_template":false,"residue_range":[{"chain_name":"A","residue_from":"624","residue_to":"700"}],"lddt_ca":null,"mod_engine":"PROMOD3","lddt":null}