{"templates":["eebfb2d9f908ab5b8ef1bbed8425156e453f639e"],"oligo":{"based_on":"prediction","res_to_mdl":244,"state":"monomer","state_bu":"hetero-oligomer","qs_prediction":"0.000","qs_conserved":"not conserved","chains_to_mdl":1,"state_tpl":"monomer"},"gdt_ha":null,"pred_lddt":0.0280000009,"gdt_ts":null,"chain_subprj_list":null,"creation_date":"2018-07-18","ligands":[{"description":"ADENOSINE-5'-DIPHOSPHATE","number":"1","reason":{"sterically_valid":false,"conserved_residues":false,"relevant":true,"bound":true},"included":false,"model_binding_residues":[],"name":["ADP"]},{"description":"ADENOSINE-5'-DIPHOSPHATE","number":"2","reason":{"sterically_valid":false,"conserved_residues":false,"relevant":true,"bound":true},"included":false,"model_binding_residues":[],"name":["ADP"]},{"description":"ADENOSINE-5'-DIPHOSPHATE","number":"3","reason":{"sterically_valid":false,"conserved_residues":false,"relevant":true,"bound":true},"included":false,"model_binding_residues":[],"name":["ADP"]},{"description":"ADENOSINE-5'-DIPHOSPHATE","number":"4","reason":{"sterically_valid":false,"conserved_residues":false,"relevant":true,"bound":true},"included":false,"model_binding_residues":[],"name":["ADP"]},{"description":"ADENOSINE-5'-DIPHOSPHATE","number":"5","reason":{"sterically_valid":false,"conserved_residues":false,"relevant":true,"bound":true},"included":false,"model_binding_residues":[],"name":["ADP"]},{"description":"ADENOSINE-5'-DIPHOSPHATE","number":"6","reason":{"sterically_valid":false,"conserved_residues":false,"relevant":true,"bound":true},"included":false,"model_binding_residues":[],"name":["ADP"]},{"description":"ADENOSINE-5'-DIPHOSPHATE","number":"7","reason":{"sterically_valid":false,"conserved_residues":false,"relevant":true,"bound":true},"included":false,"model_binding_residues":[],"name":["ADP"]},{"description":"ADENOSINE-5'-DIPHOSPHATE","number":"8","reason":{"sterically_valid":false,"conserved_residues":false,"relevant":true,"bound":true},"included":false,"model_binding_residues":[],"name":["ADP"]},{"description":"ADENOSINE-5'-DIPHOSPHATE","number":"9","reason":{"sterically_valid":false,"conserved_residues":false,"relevant":true,"bound":true},"included":false,"model_binding_residues":[],"name":["ADP"]},{"description":"ADENOSINE-5'-DIPHOSPHATE","number":"10","reason":{"sterically_valid":false,"conserved_residues":false,"relevant":true,"bound":true},"included":false,"model_binding_residues":[],"name":["ADP"]},{"description":"ADENOSINE-5'-DIPHOSPHATE","number":"11","reason":{"sterically_valid":false,"conserved_residues":false,"relevant":true,"bound":true},"included":false,"model_binding_residues":[],"name":["ADP"]},{"description":"ADENOSINE-5'-DIPHOSPHATE","number":"12","reason":{"sterically_valid":false,"conserved_residues":false,"relevant":true,"bound":true},"included":false,"model_binding_residues":[],"name":["ADP"]},{"description":"ADENOSINE-5'-DIPHOSPHATE","number":"13","reason":{"sterically_valid":false,"conserved_residues":false,"relevant":true,"bound":true},"included":false,"model_binding_residues":[],"name":["ADP"]},{"description":"ADENOSINE-5'-DIPHOSPHATE","number":"14","reason":{"sterically_valid":false,"conserved_residues":false,"relevant":true,"bound":true},"included":false,"model_binding_residues":[],"name":["ADP"]},{"description":"ADENOSINE-5'-DIPHOSPHATE","number":"15","reason":{"sterically_valid":false,"conserved_residues":false,"relevant":true,"bound":true},"included":false,"model_binding_residues":[],"name":["ADP"]},{"description":"ADENOSINE-5'-DIPHOSPHATE","number":"16","reason":{"sterically_valid":false,"conserved_residues":false,"relevant":true,"bound":true},"included":false,"model_binding_residues":[],"name":["ADP"]}],"modified_template":false,"residue_range":[{"chain_name":"A","residue_from":"740","residue_to":"1067"}],"lddt_ca":null,"mod_engine":"PROMOD3","lddt":null}