{"templates":["6c68d7e9f3de92efc66ec19140add5e607ef0aff"],"oligo":{"based_on":"prediction","res_to_mdl":244,"state":"monomer","state_bu":"homo-16-mer","qs_prediction":"0.000","qs_conserved":"not conserved","chains_to_mdl":1,"state_tpl":"monomer"},"gdt_ha":null,"pred_lddt":0.0309999995,"gdt_ts":null,"chain_subprj_list":null,"creation_date":"2018-07-09","ligands":[{"description":"2'-DEOXYADENOSINE 5'-TRIPHOSPHATE","number":"1","reason":{"sterically_valid":false,"conserved_residues":false,"relevant":true,"bound":true},"included":false,"model_binding_residues":[],"name":["DTP"]},{"description":"2'-DEOXYADENOSINE 5'-TRIPHOSPHATE","number":"2","reason":{"sterically_valid":false,"conserved_residues":false,"relevant":true,"bound":true},"included":false,"model_binding_residues":[],"name":["DTP"]},{"description":"2'-DEOXYADENOSINE 5'-TRIPHOSPHATE","number":"3","reason":{"sterically_valid":false,"conserved_residues":false,"relevant":true,"bound":true},"included":false,"model_binding_residues":[],"name":["DTP"]},{"description":"2'-DEOXYADENOSINE 5'-TRIPHOSPHATE","number":"4","reason":{"sterically_valid":false,"conserved_residues":false,"relevant":true,"bound":true},"included":false,"model_binding_residues":[],"name":["DTP"]},{"description":"2'-DEOXYADENOSINE 5'-TRIPHOSPHATE","number":"5","reason":{"sterically_valid":false,"conserved_residues":false,"relevant":true,"bound":true},"included":false,"model_binding_residues":[],"name":["DTP"]},{"description":"2'-DEOXYADENOSINE 5'-TRIPHOSPHATE","number":"6","reason":{"sterically_valid":false,"conserved_residues":false,"relevant":true,"bound":true},"included":false,"model_binding_residues":[],"name":["DTP"]},{"description":"2'-DEOXYADENOSINE 5'-TRIPHOSPHATE","number":"7","reason":{"sterically_valid":false,"conserved_residues":false,"relevant":true,"bound":true},"included":false,"model_binding_residues":[],"name":["DTP"]},{"description":"2'-DEOXYADENOSINE 5'-TRIPHOSPHATE","number":"8","reason":{"sterically_valid":false,"conserved_residues":false,"relevant":true,"bound":true},"included":false,"model_binding_residues":[],"name":["DTP"]},{"description":"2'-DEOXYADENOSINE 5'-TRIPHOSPHATE","number":"9","reason":{"sterically_valid":false,"conserved_residues":false,"relevant":true,"bound":true},"included":false,"model_binding_residues":[],"name":["DTP"]},{"description":"2'-DEOXYADENOSINE 5'-TRIPHOSPHATE","number":"10","reason":{"sterically_valid":false,"conserved_residues":false,"relevant":true,"bound":true},"included":false,"model_binding_residues":[],"name":["DTP"]},{"description":"2'-DEOXYADENOSINE 5'-TRIPHOSPHATE","number":"11","reason":{"sterically_valid":false,"conserved_residues":false,"relevant":true,"bound":true},"included":false,"model_binding_residues":[],"name":["DTP"]},{"description":"2'-DEOXYADENOSINE 5'-TRIPHOSPHATE","number":"12","reason":{"sterically_valid":false,"conserved_residues":false,"relevant":true,"bound":true},"included":false,"model_binding_residues":[],"name":["DTP"]},{"description":"2'-DEOXYADENOSINE 5'-TRIPHOSPHATE","number":"13","reason":{"sterically_valid":false,"conserved_residues":false,"relevant":true,"bound":true},"included":false,"model_binding_residues":[],"name":["DTP"]},{"description":"2'-DEOXYADENOSINE 5'-TRIPHOSPHATE","number":"14","reason":{"sterically_valid":false,"conserved_residues":false,"relevant":true,"bound":true},"included":false,"model_binding_residues":[],"name":["DTP"]},{"description":"2'-DEOXYADENOSINE 5'-TRIPHOSPHATE","number":"15","reason":{"sterically_valid":false,"conserved_residues":false,"relevant":true,"bound":true},"included":false,"model_binding_residues":[],"name":["DTP"]}],"modified_template":false,"residue_range":[{"chain_name":"A","residue_from":"475","residue_to":"794"}],"lddt_ca":null,"mod_engine":"PROMOD3","lddt":null}