{"templates":["2228660227d8da9308e4c5a60ec6b1675ade7226"],"oligo":{"based_on":"prediction","res_to_mdl":80,"state":"monomer","state_bu":"monomer","qs_prediction":"0.000","qs_conserved":"not conserved","chains_to_mdl":1,"state_tpl":"monomer"},"gdt_ha":null,"pred_lddt":0.0299999993,"gdt_ts":null,"chain_subprj_list":null,"creation_date":"2018-07-18","ligands":[{"description":"ZINC ION","number":"1","reason":{"sterically_valid":true,"conserved_residues":true,"relevant":true,"bound":true},"included":true,"model_binding_residues":["A.67","A.70","A.94","A.97","_.1"],"name":["ZN"]},{"description":"ZINC ION","number":"2","reason":{"sterically_valid":true,"conserved_residues":true,"relevant":true,"bound":true},"included":true,"model_binding_residues":["A.86","A.89","A.91","A.109","A.112","_.2"],"name":["ZN"]}],"modified_template":false,"residue_range":[{"chain_name":"A","residue_from":"56","residue_to":"135"}],"lddt_ca":null,"mod_engine":"PROMOD3","lddt":null}